Workbook

Sheet Preguntas
A1: N° | B1: Tipo | C1: Pregunta | D1: Respuesta esperada | E1: Documento fuente | F1: Respuesta obtenida (resumen) | G1: Usó documentos (Sí/No) | H1: Score máximo | I1: Tiempo (s) | J1: Resultado | K1: Observación
A2: 1 | B2: Dentro del dominio | C2: ¿Qué cursos se llevan en el tercer ciclo? | D2: Ciclo III: Desarrollo Web Backend, Base de Datos II, Diseño de Experiencia de Usuario, Sistemas Operativos y Redes, Análisis y Diseño de Software, Inglés Técnico II. | E2: Malla curricular (PDF)
A3: 2 | B3: Dentro del dominio | C3: ¿Cuántos créditos tiene Base de Datos II y cuántas horas a la semana? | D3: 4 créditos y 5 horas semanales. | E3: Malla curricular (PDF)
A4: 3 | B4: Dentro del dominio | C4: ¿Qué curso necesito aprobar antes de llevar Desarrollo de Aplicaciones Móviles? | D4: El prerrequisito es Desarrollo Web Backend. | E4: Malla curricular (PDF)
A5: 4 | B5: Dentro del dominio | C5: ¿Cuántos ciclos dura la carrera y cuántos créditos tiene en total? | D5: Seis ciclos (tres años) y 131 créditos. | E5: Malla curricular (PDF)
A6: 5 | B6: Dentro del dominio | C6: ¿De qué trata el curso de Arquitectura de Software? | D6: Estudia estilos y patrones de arquitectura (capas, MVC, hexagonal, eventos), atributos de calidad y documentación de decisiones. El curso termina con el diseño de la arquitectura de un sistema real. | E6: Malla curricular (PDF)
A7: 6 | B7: Dentro del dominio | C7: ¿En qué ciclo se ve RAG o embeddings? | D7: En Inteligencia Artificial Aplicada, del V ciclo. | E7: Malla curricular (PDF)
A8: 7 | B8: Dentro del dominio | C8: ¿Cuál es el porcentaje mínimo de asistencia? | D8: 70 %; con más de 30 % de faltas queda inhabilitado (IPI), no rinde el final y su nota es 0. | E8: Reglamento y trámites (Word)
A9: 8 | B9: Dentro del dominio | C9: ¿Cómo se calcula la nota final de un curso? | D9: Laboratorios 30 %, tareas y proyectos 20 %, parcial 20 % y final 30 %. | E9: Reglamento y trámites (Word)
A10: 9 | B10: Dentro del dominio | C10: ¿Con cuánto se aprueba un curso? | D10: Con 13 en escala de 0 a 20. | E10: Reglamento y trámites (Word)
A11: 10 | B11: Dentro del dominio | C11: ¿Hasta cuándo me puedo retirar de un curso este ciclo? | D11: Hasta el viernes de la semana 6: viernes 25 de septiembre de 2026. Máximo dos cursos, sin devolución. | E11: Reglamento y trámites (Word)
A12: 11 | B12: Dentro del dominio | C12: Falté al examen parcial porque estaba enfermo, ¿qué hago? | D12: Pedir examen de rezagados por mesa de partes virtual dentro de 48 horas con certificado médico; cuesta S/ 40 y se rinde en la semana 17. | E12: Reglamento y trámites (Word)
A13: 12 | B13: Dentro del dominio | C13: ¿Cuánto cuesta una constancia de estudios y cuánto demora? | D13: S/ 35, entrega en 3 días hábiles. | E13: Reglamento y trámites (Word)
... A29: 28 | B29: Fuera del dominio | C29: ¿Cuál es la nota mínima para aprobar en la universidad San Marcos? | D29: No está en los documentos; no debe responder con la regla de Tecsup como si fuera de otra institución. | E29: Ninguno

Sheet Resumen
A1: Indicador | B1: Dentro del dominio | C1: Fuera del dominio | D1: Total
A2: Preguntas planificadas | B2: =COUNTIF(Preguntas!$B$2:$B$29,"Dentro del dominio") -> 20 | C2: =COUNTIF(Preguntas!$B$2:$B$29,"Fuera del dominio") -> 8 | D2: =B2+C2 -> 28
A3: Preguntas ejecutadas | B3: =COUNTIFS(Preguntas!$B$2:$B$29,"Dentro del dominio",Preguntas!$J$2:$J$29,"<>") -> 0 | C3: =COUNTIFS(Preguntas!$B$2:$B$29,"Fuera del dominio",Preguntas!$J$2:$J$29,"<>") -> 0 | D3: =B3+C3 -> 0
A4: Respuestas correctas | B4: =COUNTIFS(Preguntas!$B$2:$B$29,"Dentro del dominio",Preguntas!$J$2:$J$29,"Correcta") -> 0 | C4: =COUNTIFS(Preguntas!$B$2:$B$29,"Fuera del dominio",Preguntas!$J$2:$J$29,"Correcta") -> 0 | D4: =B4+C4 -> 0
A5: Respuestas parciales | B5: =COUNTIFS(Preguntas!$B$2:$B$29,"Dentro del dominio",Preguntas!$J$2:$J$29,"Parcial") -> 0 | C5: =COUNTIFS(Preguntas!$B$2:$B$29,"Fuera del dominio",Preguntas!$J$2:$J$29,"Parcial") -> 0 | D5: =B5+C5 -> 0
A6: Respuestas incorrectas | B6: =COUNTIFS(Preguntas!$B$2:$B$29,"Dentro del dominio",Preguntas!$J$2:$J$29,"Incorrecta") -> 0 | C6: =COUNTIFS(Preguntas!$B$2:$B$29,"Fuera del dominio",Preguntas!$J$2:$J$29,"Incorrecta") -> 0 | D6: =B6+C6 -> 0
A7: Precisión (correctas / ejecutadas) | B7: =IFERROR(B4/B3,"") | C7: =IFERROR(C4/C3,"") | D7: =IFERROR(D4/D3,"")
A8: Enrutamiento acertado | B8: =IFERROR(COUNTIFS(Preguntas!$B$2:$B$29,"Dentro del dominio",Preguntas!$G$2:$G$29,"Sí")/B3,"") | C8: =IFERROR(COUNTIFS(Preguntas!$B$2:$B$29,"Fuera del dominio",Preguntas!$G$2:$G$29,"No")/C3,"") | D8: =IFERROR((COUNTIFS(Preguntas!$B$2:$B$29,"Dentro del dominio",Preguntas!$G$2:$G$29,"Sí")+COUNTIFS(Preguntas!$B$2:$B$29,"Fuera del dominio",Preguntas!$G$2:$G$29,"No"))/D3,"")
A9: Score máximo promedio | B9: =IFERROR(AVERAGEIFS(Preguntas!$H$2:$H$29,Preguntas!$B$2:$B$29,"Dentro del dominio"),"") | C9: =IFERROR(AVERAGEIFS(Preguntas!$H$2:$H$29,Preguntas!$B$2:$B$29,"Fuera del dominio"),"")
A10: Score más bajo | B10: =IFERROR(_xlfn.MINIFS(Preguntas!$H$2:$H$29,Preguntas!$B$2:$B$29,"Dentro del dominio"),"") -> 0 | C10: =IFERROR(_xlfn.MINIFS(Preguntas!$H$2:$H$29,Preguntas!$B$2:$B$29,"Fuera del dominio"),"") -> 0
A11: Score más alto | B11: =IFERROR(_xlfn.MAXIFS(Preguntas!$H$2:$H$29,Preguntas!$B$2:$B$29,"Dentro del dominio"),"") -> 0 | C11: =IFERROR(_xlfn.MAXIFS(Preguntas!$H$2:$H$29,Preguntas!$B$2:$B$29,"Fuera del dominio"),"") -> 0
A12: Tiempo promedio de respuesta (s) | B12: =IFERROR(AVERAGEIFS(Preguntas!$I$2:$I$29,Preguntas!$B$2:$B$29,"Dentro del dominio"),"") | C12: =IFERROR(AVERAGEIFS(Preguntas!$I$2:$I$29,Preguntas!$B$2:$B$29,"Fuera del dominio"),"") | D12: =IFERROR(AVERAGE(Preguntas!$I$2:$I$29),"")
A13: Umbral sugerido (punto medio) | B13: =IF(AND(ISNUMBER(B10),ISNUMBER(C11)),(B10+C11)/2,"") -> 0
A15: Enrutamiento acertado: dentro del dominio cuenta las que sí usaron documentos; fuera del dominio, las que no los usaron. Umbral sugerido: punto medio entre el score más bajo de las preguntas dentro del dominio y el más alto de las de fuera. Si el primero es menor que el segundo, no hay un umbral que separe perfecto los dos grupos y hay que revisar esas preguntas.

Sheet Leyenda
A1: Cómo usar este plan de pruebas
A2: Las celdas en amarillo de la hoja Preguntas son las que se llenan al ejecutar cada consulta en el sistema.
A3: Respuesta obtenida: resumen corto de lo que respondió el sistema.
A4: Usó documentos: Sí si apareció la etiqueta 'Basada en documentos oficiales'; No si apareció 'Sin información en los documentos cargados'.
A5: Score máximo y Tiempo: el chat muestra el tiempo; el score sale en las fuentes citadas o en la tabla consulta de Supabase (columnas score_max y tiempo_ms).
A6: Resultado: Correcta si coincide con la respuesta esperada; Parcial si le falta un dato; Incorrecta si inventa o se equivoca.
A7: Ejemplo de fila llenada: Respuesta obtenida 'Con 13, escala de 0 a 20' | Usó documentos Sí | Score 0.712 | Tiempo 2.4 | Resultado Correcta.
A8: Los documentos de prueba y todos sus datos son ficticios; no corresponden a la información oficial de Tecsup.
